{
  "bucket_metrics": {
    "HEAD": {
      "bucket": "HEAD",
      "num_classes": 3,
      "num_samples": 39,
      "accuracy_at_1": 0.6153846153846154,
      "accuracy_at_5": 1.0,
      "coverage_at_5": 1.0,
      "coverage_at_10": 1.0,
      "recall_at_5": 1.0,
      "class_ids": [
        106,
        367,
        478
      ]
    },
    "MID": {
      "bucket": "MID",
      "num_classes": 47,
      "num_samples": 222,
      "accuracy_at_1": 0.1036036036036036,
      "accuracy_at_5": 0.25900900900900903,
      "coverage_at_5": 0.25900900900900903,
      "coverage_at_10": 0.3626126126126126,
      "recall_at_5": 0.25900900900900903,
      "class_ids": [
        14,
        18,
        38,
        55,
        71,
        76,
        95,
        98,
        101,
        102,
        108,
        112,
        136,
        145,
        148,
        151,
        155,
        172,
        176,
        189,
        195,
        205,
        218,
        226,
        244,
        247,
        253,
        255,
        259,
        286,
        290,
        319,
        321,
        350,
        391,
        402,
        407,
        419,
        433,
        449,
        455,
        473,
        483,
        484,
        494,
        503,
        504
      ]
    },
    "TAIL": {
      "bucket": "TAIL",
      "num_classes": 455,
      "num_samples": 260,
      "accuracy_at_1": 0.0,
      "accuracy_at_5": 0.0,
      "coverage_at_5": 0.0,
      "coverage_at_10": 0.0,
      "recall_at_5": 0.0,
      "class_ids": [
        0,
        1,
        2,
        3,
        4,
        5,
        6,
        7,
        8,
        9,
        10,
        11,
        12,
        13,
        15,
        16,
        17,
        19,
        20,
        21,
        22,
        23,
        24,
        25,
        26,
        27,
        28,
        29,
        30,
        31,
        32,
        33,
        34,
        35,
        36,
        37,
        39,
        40,
        41,
        42,
        43,
        44,
        45,
        46,
        47,
        48,
        49,
        50,
        51,
        52,
        53,
        54,
        56,
        57,
        58,
        59,
        60,
        61,
        62,
        63,
        64,
        65,
        66,
        67,
        68,
        69,
        70,
        72,
        73,
        74,
        75,
        77,
        78,
        79,
        80,
        81,
        82,
        83,
        84,
        85,
        86,
        87,
        88,
        89,
        90,
        91,
        92,
        93,
        94,
        96,
        97,
        99,
        100,
        103,
        104,
        105,
        107,
        109,
        110,
        111,
        113,
        114,
        115,
        116,
        117,
        118,
        119,
        120,
        121,
        122,
        123,
        124,
        125,
        126,
        127,
        128,
        129,
        130,
        131,
        132,
        133,
        134,
        135,
        137,
        138,
        139,
        140,
        141,
        142,
        143,
        144,
        146,
        147,
        149,
        150,
        152,
        153,
        154,
        156,
        157,
        158,
        159,
        160,
        161,
        162,
        163,
        164,
        165,
        166,
        167,
        168,
        169,
        170,
        171,
        173,
        174,
        175,
        177,
        178,
        179,
        180,
        181,
        182,
        183,
        184,
        185,
        186,
        187,
        188,
        190,
        191,
        192,
        193,
        194,
        196,
        197,
        198,
        199,
        200,
        201,
        202,
        203,
        204,
        206,
        207,
        208,
        209,
        210,
        211,
        212,
        213,
        214,
        215,
        216,
        217,
        219,
        220,
        221,
        222,
        223,
        224,
        225,
        227,
        228,
        229,
        230,
        231,
        232,
        233,
        234,
        235,
        236,
        237,
        238,
        239,
        240,
        241,
        242,
        243,
        245,
        246,
        248,
        249,
        250,
        251,
        252,
        254,
        256,
        257,
        258,
        260,
        261,
        262,
        263,
        264,
        265,
        266,
        267,
        268,
        269,
        270,
        271,
        272,
        273,
        274,
        275,
        276,
        277,
        278,
        279,
        280,
        281,
        282,
        283,
        284,
        285,
        287,
        288,
        289,
        291,
        292,
        293,
        294,
        295,
        296,
        297,
        298,
        299,
        300,
        301,
        302,
        303,
        304,
        305,
        306,
        307,
        308,
        309,
        310,
        311,
        312,
        313,
        314,
        315,
        316,
        317,
        318,
        320,
        322,
        323,
        324,
        325,
        326,
        327,
        328,
        329,
        330,
        331,
        332,
        333,
        334,
        335,
        336,
        337,
        338,
        339,
        340,
        341,
        342,
        343,
        344,
        345,
        346,
        347,
        348,
        349,
        351,
        352,
        353,
        354,
        355,
        356,
        357,
        358,
        359,
        360,
        361,
        362,
        363,
        364,
        365,
        366,
        368,
        369,
        370,
        371,
        372,
        373,
        374,
        375,
        376,
        377,
        378,
        379,
        380,
        381,
        382,
        383,
        384,
        385,
        386,
        387,
        388,
        389,
        390,
        392,
        393,
        394,
        395,
        396,
        397,
        398,
        399,
        400,
        401,
        403,
        404,
        405,
        406,
        408,
        409,
        410,
        411,
        412,
        413,
        414,
        415,
        416,
        417,
        418,
        420,
        421,
        422,
        423,
        424,
        425,
        426,
        427,
        428,
        429,
        430,
        431,
        432,
        434,
        435,
        436,
        437,
        438,
        439,
        440,
        441,
        442,
        443,
        444,
        445,
        446,
        447,
        448,
        450,
        451,
        452,
        453,
        454,
        456,
        457,
        458,
        459,
        460,
        461,
        462,
        463,
        464,
        465,
        466,
        467,
        468,
        469,
        470,
        471,
        472,
        474,
        475,
        476,
        477,
        479,
        480,
        481,
        482,
        485,
        486,
        487,
        488,
        489,
        490,
        491,
        492,
        493,
        495,
        496,
        497,
        498,
        499,
        500,
        501,
        502
      ]
    }
  },
  "class_to_bucket": {
    "0": "TAIL",
    "1": "TAIL",
    "2": "TAIL",
    "3": "TAIL",
    "4": "TAIL",
    "5": "TAIL",
    "6": "TAIL",
    "7": "TAIL",
    "8": "TAIL",
    "9": "TAIL",
    "10": "TAIL",
    "11": "TAIL",
    "12": "TAIL",
    "13": "TAIL",
    "14": "MID",
    "15": "TAIL",
    "16": "TAIL",
    "17": "TAIL",
    "18": "MID",
    "19": "TAIL",
    "20": "TAIL",
    "21": "TAIL",
    "22": "TAIL",
    "23": "TAIL",
    "24": "TAIL",
    "25": "TAIL",
    "26": "TAIL",
    "27": "TAIL",
    "28": "TAIL",
    "29": "TAIL",
    "30": "TAIL",
    "31": "TAIL",
    "32": "TAIL",
    "33": "TAIL",