{
  "bucket_metrics": {
    "HEAD": {
      "bucket": "HEAD",
      "num_classes": 45,
      "num_samples": 246,
      "accuracy_at_1": 0.1910569105691057,
      "accuracy_at_5": 0.47764227642276424,
      "coverage_at_5": 0.47764227642276424,
      "coverage_at_10": 0.6686991869918699,
      "recall_at_5": 0.47764227642276424,
      "class_ids": [
        503,
        433,
        350,
        195,
        148,
        319,
        55,
        247,
        151,
        38,
        290,
        189,
        494,
        321,
        449,
        112,
        71,
        455,
        18,
        255,
        176,
        484,
        244,
        259,
        478,
        253,
        419,
        108,
        473,
        76,
        483,
        155,
        136,
        402,
        226,
        367,
        102,
        391,
        98,
        145,
        14,
        205,
        101,
        106,
        504
      ]
    },
    "MID": {
      "bucket": "MID",
      "num_classes": 96,
      "num_samples": 152,
      "accuracy_at_1": 0.0,
      "accuracy_at_5": 0.0,
      "coverage_at_5": 0.0,
      "coverage_at_10": 0.0,
      "recall_at_5": 0.0,
      "class_ids": [
        387,
        175,
        465,
        313,
        170,
        312,
        362,
        53,
        493,
        4,
        431,
        336,
        95,
        219,
        39,
        142,
        243,
        286,
        457,
        168,
        167,
        15,
        249,
        29,
        354,
        218,
        407,
        47,
        271,
        251,
        282,
        177,
        272,
        234,
        330,
        193,
        288,
        317,
        306,
        184,
        463,
        120,
        326,
        466,
        485,
        381,
        126,
        289,
        92,
        203,
        342,
        99,
        436,
        88,
        458,
        139,
        353,
        59,
        20,
        359,
        275,
        399,
        169,
        328,
        231,
        89,
        235,
        94,
        172,
        6,
        16,
        26,
        358,
        355,
        165,
        363,
        487,
        238,
        447,
        119,
        109,
        502,
        37,
        309,
        392,
        410,
        188,
        438,
        228,
        320,
        240,
        225,
        36,
        113,
        422,
        278
      ]
    },
    "TAIL": {
      "bucket": "TAIL",
      "num_classes": 357,
      "num_samples": 123,
      "accuracy_at_1": 0.0,
      "accuracy_at_5": 0.0,
      "coverage_at_5": 0.0,
      "coverage_at_10": 0.0,
      "recall_at_5": 0.0,
      "class_ids": [
        477,
        190,
        480,
        310,
        369,
        79,
        395,
        413,
        304,
        31,
        439,
        239,
        474,
        192,
        140,
        305,
        284,
        300,
        201,
        322,
        371,
        408,
        69,
        32,
        65,
        396,
        166,
        216,
        162,
        373,
        181,
        453,
        394,
        138,
        46,
        245,
        405,
        293,
        121,
        292,
        346,
        389,
        212,
        331,
        40,
        257,
        345,
        223,
        5,
        428,
        191,
        411,
        445,
        45,
        77,
        182,
        80,
        488,
        401,
        332,
        475,
        315,
        63,
        199,
        61,
        412,
        266,
        351,
        297,
        499,
        316,
        430,
        490,
        159,
        213,
        97,
        208,
        383,
        464,
        141,
        153,
        349,
        87,
        132,
        60,
        217,
        324,
        12,
        308,
        27,
        337,
        382,
        302,
        86,
        100,
        90,
        19,
        229,
        335,
        325,
        446,
        481,
        452,
        357,
        298,
        388,
        416,
        482,
        23,
        267,
        414,
        134,
        254,
        295,
        258,
        311,
        398,
        279,
        283,
        294,
        248,
        364,
        366,
        30,
        281,
        242,
        157,
        348,
        365,
        133,
        135,
        85,
        43,
        11,
        111,
        256,
        426,
        215,
        158,
        374,
        196,
        28,
        385,
        117,
        67,
        91,
        274,
        451,
        323,
        270,
        173,
        209,
        62,
        122,
        406,
        496,
        415,
        73,
        434,
        198,
        131,
        82,
        470,
        58,
        375,
        197,
        277,
        425,
        230,
        186,
        84,
        206,
        291,
        269,
        211,
        417,
        200,
        280,
        49,
        149,
        467,
        361,
        146,
        471,
        232,
        25,
        78,
        448,
        479,
        33,
        50,
        262,
        105,
        83,
        442,
        81,
        437,
        368,
        214,
        128,
        107,
        384,
        268,
        130,
        163,
        443,
        114,
        10,
        144,
        386,
        154,
        42,
        423,
        421,
        194,
        35,
        501,
        51,
        393,
        227,
        13,
        70,
        497,
        420,
        341,
        400,
        498,
        492,
        237,
        125,
        202,
        299,
        110,
        54,
        500,
        57,
        250,
        344,
        441,
        261,
        224,
        296,
        301,
        48,
        1,
        303,
        187,
        360,
        41,
        179,
        339,
        273,
        379,
        221,
        75,
        21,
        156,
        236,
        96,
        123,
        372,
        185,
        34,
        264,
        432,
        127,
        314,
        489,
        152,
        222,
        285,
        147,
        444,
        327,
        115,
        116,
        461,
        171,
        64,
        376,
        352,
        435,
        343,
        265,
        318,
        72,
        118,
        377,
        252,
        338,
        164,
        459,
        334,
        150,
        44,
        378,
        161,
        287,
        204,
        469,
        454,
        183,
        22,
        380,
        418,
        476,
        333,
        468,
        93,
        397,
        370,
        143,
        7,
        491,
        246,
        241,
        124,
        429,
        462,
        8,
        207,
        180,
        440,
        74,
        52,
        160,
        356,
        329,
        427,
        68,
        104,
        276,
        390,
        174,
        178,
        486,
        24,
        347,
        233,
        340,
        9,
        17,
        450,
        66,
        0,
        263,
        260,
        220,
        495,
        103,
        307,
        129,
        137,
        472,
        409,
        460,
        210
      ]
    }
  },
  "class_to_bucket": {
    "503": "HEAD",
    "477": "TAIL",
    "433": "HEAD",
    "350": "HEAD",
    "190": "TAIL",
    "480": "TAIL",
    "310": "TAIL",
    "195": "HEAD",
    "369": "TAIL",
    "79": "TAIL",
    "148": "HEAD",
    "395": "TAIL",
    "413": "TAIL",
    "387": "MID",
    "319": "HEAD",
    "304": "TAIL",
    "55": "HEAD",
    "175": "MID",
    "465": "MID",
    "31": "TAIL",
    "313": "MID",
    "170": "MID",
    "247": "HEAD",
    "439": "TAIL",
    "312": "MID",
    "151": "HEAD",
    "38": "HEAD",
    "290": "HEAD",
    "189": "HEAD",
    "239": "TAIL",
    "362": "MID",
    "494": "HEAD",
    "474": "TAIL",
    "53": "MID",
    "192": "TAIL",
    "493": "MID",
    "4": "MID",
    "431": "MID",